,Stop Point_x,Activity at Point,Probability at Point,Stop Point Latitude,Stop Point Longitude,UUID,Time Spent at Stop Point_x,Time Spent at Stop Point (minutes),geometry,start_time,end_time,traj_id,duration_s,uuid,Latitude,Longitude,Min gpsacc,Mean gpsacc,Median gpsacc,Max gpsacc,Number of Lost,Stop Point_y,POI Point,POI Name,POI Type,Time Spent at Stop Point_y,transit_station
0,POINT (114.1737143 22.4463084),Daily Transport,86.99005565115773,22.4463084,114.1737143,111051,7141,119.01666666666667,POINT (114.1737143 22.4463084),5/2/2023 2:50,5/2/2023 4:49,5/2/2023,7141,111051,22.4463084,114.1737143,0,1.3000000317891434,0,3.900000095,0,POINT (114.1737143 22.4463084),POINT (114.173285 22.4464845),廣福邨,"['transit_station', 'point_of_interest', 'establishment']",7141,TRUE
1,POINT (114.1737143 22.4463084),Daily Transport,86.99005565115773,22.4463084,114.1737143,111051,7141,119.01666666666667,POINT (114.1737143 22.4463084),5/2/2023 2:50,5/2/2023 4:49,5/2/2023,7141,111051,22.4463084,114.1737143,0,1.3000000317891434,0,3.900000095,0,POINT (114.1737143 22.4463084),POINT (114.173757 22.446547),Kwong Fuk Estate,"['transit_station', 'point_of_interest', 'establishment']",7141,TRUE
2,POINT (114.1737143 22.4463084),Daily Transport,86.99005565115773,22.4463084,114.1737143,111051,7141,119.01666666666667,POINT (114.1737143 22.4463084),5/2/2023 2:50,5/2/2023 4:49,5/2/2023,7141,111051,22.4463084,114.1737143,0,1.3000000317891434,0,3.900000095,0,POINT (114.1737143 22.4463084),POINT (114.17353 22.44652),Kwong Fuk Estate; Tai Po Road,"['transit_station', 'point_of_interest', 'establishment']",7141,TRUE
3,POINT (114.1737143 22.4463084),Daily Transport,86.99005565115773,22.4463084,114.1737143,111051,7141,119.01666666666667,POINT (114.1737143 22.4463084),5/2/2023 2:50,5/2/2023 4:49,5/2/2023,7141,111051,22.4463084,114.1737143,0,1.3000000317891434,0,3.900000095,0,POINT (114.1737143 22.4463084),POINT (114.173409 22.44658799999999),Kwong Fuk Estate,"['transit_station', 'point_of_interest', 'establishment']",7141,TRUE
4,POINT (114.1737143 22.4463084),Daily Transport,86.99005565115773,22.4463084,114.1737143,111051,7141,119.01666666666667,POINT (114.1737143 22.4463084),5/2/2023 2:50,5/2/2023 4:49,5/2/2023,7141,111051,22.4463084,114.1737143,0,1.3000000317891434,0,3.900000095,0,POINT (114.1737143 22.4463084),POINT (114.17303 22.446381),Kwong Fuk Estate,"['transit_station', 'point_of_interest', 'establishment']",7141,TRUE
5,POINT (114.1737143 22.4463084),Daily Transport,86.99005565115773,22.4463084,114.1737143,111051,7141,119.01666666666667,POINT (114.1737143 22.4463084),5/2/2023 2:50,5/2/2023 4:49,5/2/2023,7141,111051,22.4463084,114.1737143,0,1.3000000317891434,0,3.900000095,0,POINT (114.1737143 22.4463084),POINT (114.17297 22.44641),Kwong Fuk Estate; Tai Po Road,"['transit_station', 'point_of_interest', 'establishment']",7141,TRUE
6,POINT (114.1737143 22.4463084),Daily Transport,86.99005565115773,22.4463084,114.1737143,111051,7141,119.01666666666667,POINT (114.1737143 22.4463084),5/2/2023 2:50,5/2/2023 4:49,5/2/2023,7141,111051,22.4463084,114.1737143,0,1.3000000317891434,0,3.900000095,0,POINT (114.1737143 22.4463084),POINT (114.172813 22.446405),Kwong Fuk Estate,"['transit_station', 'point_of_interest', 'establishment']",7141,TRUE
7,POINT (114.2181424 22.3349969),Daily Transport,72.55834085349328,22.3349969,114.2181424,111135,33572,559.5333333333333,POINT (114.2181424 22.3349969),2/1/2023 14:40,2/1/2023 23:59,2/1/2023,33572,111135,22.3349969,114.2181424,10.83100033,16.65385219985834,14.43599987,299.4490051,0,POINT (114.2181424 22.3349969),POINT (114.218016 22.334992),Choi Fai Estatae,"['transit_station', 'point_of_interest', 'establishment']",33572,TRUE
8,POINT (114.2051001 22.3920288),Daily Transport,46.67433202146246,22.3920288,114.2051001,111421,3920.0000000000005,65.33333333333334,POINT (114.2051001 22.3920288),5/31/2023 12:04,5/31/2023 13:09,5/31/2023,3920.0000000000005,111421,22.3920288,114.2051001,18.85899925,85.42761920747307,115.6660004,115.6660004,0,POINT (114.2051001 22.3920288),POINT (114.205958 22.391411),濱景花園,"['transit_station', 'point_of_interest', 'establishment']",3920.0000000000005,TRUE
9,POINT (114.2051001 22.3920288),Daily Transport,46.67433202146246,22.3920288,114.2051001,111421,3920.0000000000005,65.33333333333334,POINT (114.2051001 22.3920288),5/31/2023 12:04,5/31/2023 13:09,5/31/2023,3920.0000000000005,111421,22.3920288,114.2051001,18.85899925,85.42761920747307,115.6660004,115.6660004,0,POINT (114.2051001 22.3920288),POINT (114.205694 22.391508),Ravana Garden,"['transit_station', 'point_of_interest', 'establishment']",3920.0000000000005,TRUE
10,POINT (114.2051001 22.3920288),Daily Transport,46.67433202146246,22.3920288,114.2051001,111421,3920.0000000000005,65.33333333333334,POINT (114.2051001 22.3920288),5/31/2023 12:04,5/31/2023 13:09,5/31/2023,3920.0000000000005,111421,22.3920288,114.2051001,18.85899925,85.42761920747307,115.6660004,115.6660004,0,POINT (114.2051001 22.3920288),POINT (114.20604 22.391798),Ravana Garden,"['transit_station', 'point_of_interest', 'establishment']",3920.0000000000005,TRUE
11,POINT (114.2051001 22.3920288),Daily Transport,46.67433202146246,22.3920288,114.2051001,111421,3920.0000000000005,65.33333333333334,POINT (114.2051001 22.3920288),5/31/2023 12:04,5/31/2023 13:09,5/31/2023,3920.0000000000005,111421,22.3920288,114.2051001,18.85899925,85.42761920747307,115.6660004,115.6660004,0,POINT (114.2051001 22.3920288),POINT (114.205733 22.391155),Ravana Garden,"['transit_station', 'point_of_interest', 'establishment']",3920.0000000000005,TRUE
12,POINT (114.2051001 22.3920288),Daily Transport,46.67433202146246,22.3920288,114.2051001,111421,3920.0000000000005,65.33333333333334,POINT (114.2051001 22.3920288),5/31/2023 12:04,5/31/2023 13:09,5/31/2023,3920.0000000000005,111421,22.3920288,114.2051001,18.85899925,85.42761920747307,115.6660004,115.6660004,0,POINT (114.2051001 22.3920288),POINT (114.20616 22.39158),Shek Mun BBI - Ravana Garden,"['transit_station', 'point_of_interest', 'establishment']",3920.0000000000005,TRUE
13,POINT (114.2258467 22.4196349),Daily Transport,36.96354936395447,22.4196349,114.2258467,111421,14234,237.23333333333332,POINT (114.2258467 22.4196349),5/24/2023 10:12,5/24/2023 14:09,5/24/2023,14234,111421,22.4196349,114.2258467,16.43300056,23.173011679398385,22.19099998,48.51200104,0,POINT (114.2258467 22.4196349),POINT (114.226735 22.420164),錦豐苑,"['transit_station', 'point_of_interest', 'establishment']",14234,TRUE
14,POINT (114.2258467 22.4196349),Daily Transport,36.96354936395447,22.4196349,114.2258467,111421,14234,237.23333333333332,POINT (114.2258467 22.4196349),5/24/2023 10:12,5/24/2023 14:09,5/24/2023,14234,111421,22.4196349,114.2258467,16.43300056,23.173011679398385,22.19099998,48.51200104,0,POINT (114.2258467 22.4196349),POINT (114.22606 22.41894),Vista Paradiso; Sai Sha Road,"['transit_station', 'point_of_interest', 'establishment']",14234,TRUE
15,POINT (114.2258467 22.4196349),Daily Transport,36.96354936395447,22.4196349,114.2258467,111421,14234,237.23333333333332,POINT (114.2258467 22.4196349),5/24/2023 10:12,5/24/2023 14:09,5/24/2023,14234,111421,22.4196349,114.2258467,16.43300056,23.173011679398385,22.19099998,48.51200104,0,POINT (114.2258467 22.4196349),POINT (114.225991 22.418897),Vista Paradiso,"['transit_station', 'point_of_interest', 'establishment']",14234,TRUE
16,POINT (114.2258467 22.4196349),Daily Transport,36.96354936395447,22.4196349,114.2258467,111421,14234,237.23333333333332,POINT (114.2258467 22.4196349),5/24/2023 10:12,5/24/2023 14:09,5/24/2023,14234,111421,22.4196349,114.2258467,16.43300056,23.173011679398385,22.19099998,48.51200104,0,POINT (114.2258467 22.4196349),POINT (114.226497 22.420158),Kam Fung Court,"['transit_station', 'point_of_interest', 'establishment']",14234,TRUE
17,POINT (114.2266793 22.420266),Daily Transport,94.03536213791801,22.420266,114.2266793,111444,3261,54.35,POINT (114.2266793 22.420266),6/1/2023 13:46,6/1/2023 14:41,6/1/2023,3261,111444,22.420266,114.2266793,6.222000122,10.872800064086912,6.222000122,27.09799957,0,POINT (114.2266793 22.420266),POINT (114.226735 22.420164),錦豐苑,"['transit_station', 'point_of_interest', 'establishment']",3261,TRUE
18,POINT (114.2266793 22.420266),Daily Transport,94.03536213791801,22.420266,114.2266793,111444,3261,54.35,POINT (114.2266793 22.420266),6/1/2023 13:46,6/1/2023 14:41,6/1/2023,3261,111444,22.420266,114.2266793,6.222000122,10.872800064086912,6.222000122,27.09799957,0,POINT (114.2266793 22.420266),POINT (114.226497 22.420158),Kam Fung Court,"['transit_station', 'point_of_interest', 'establishment']",3261,TRUE
19,POINT (114.2063955 22.344972499999997),Daily Transport,62.39452097615228,22.344972499999997,114.2063955,111566,1968.0000000000002,32.800000000000004,POINT (114.2063955 22.344972499999997),4/5/2023 4:23,4/5/2023 4:56,4/5/2023,1968.0000000000002,111566,22.344972499999997,114.2063955,78.30877899,95.32105616,95.32105616,112.3333333,0,POINT (114.2063955 22.344972499999997),POINT (114.205788 22.3457705),蒲崗村道學校村,"['transit_station', 'point_of_interest', 'establishment']",1968.0000000000002,TRUE
20,POINT (114.2063955 22.344972499999997),Daily Transport,62.39452097615228,22.344972499999997,114.2063955,111566,1968.0000000000002,32.800000000000004,POINT (114.2063955 22.344972499999997),4/5/2023 4:23,4/5/2023 4:56,4/5/2023,1968.0000000000002,111566,22.344972499999997,114.2063955,78.30877899,95.32105616,95.32105616,112.3333333,0,POINT (114.2063955 22.344972499999997),POINT (114.206305 22.345408),Po Kong Village Road School Village,"['transit_station', 'point_of_interest', 'establishment']",1968.0000000000002,TRUE
21,POINT (114.2063955 22.344972499999997),Daily Transport,62.39452097615228,22.344972499999997,114.2063955,111566,1968.0000000000002,32.800000000000004,POINT (114.2063955 22.344972499999997),4/5/2023 4:23,4/5/2023 4:56,4/5/2023,1968.0000000000002,111566,22.344972499999997,114.2063955,78.30877899,95.32105616,95.32105616,112.3333333,0,POINT (114.2063955 22.344972499999997),POINT (114.20631 22.34544),Po Kong Village Road School Village; Po Kong Village Road,"['transit_station', 'point_of_interest', 'establishment']",1968.0000000000002,TRUE
22,POINT (114.2063955 22.344972499999997),Daily Transport,62.39452097615228,22.344972499999997,114.2063955,111566,1968.0000000000002,32.800000000000004,POINT (114.2063955 22.344972499999997),4/5/2023 4:23,4/5/2023 4:56,4/5/2023,1968.0000000000002,111566,22.344972499999997,114.2063955,78.30877899,95.32105616,95.32105616,112.3333333,0,POINT (114.2063955 22.344972499999997),POINT (114.206386 22.345586),Diamond Hill Crematorium,"['transit_station', 'point_of_interest', 'establishment']",1968.0000000000002,TRUE
23,POINT (114.2063955 22.344972499999997),Daily Transport,62.39452097615228,22.344972499999997,114.2063955,111566,1968.0000000000002,32.800000000000004,POINT (114.2063955 22.344972499999997),4/5/2023 4:23,4/5/2023 4:56,4/5/2023,1968.0000000000002,111566,22.344972499999997,114.2063955,78.30877899,95.32105616,95.32105616,112.3333333,0,POINT (114.2063955 22.344972499999997),POINT (114.20706 22.34481),Diamond Hill Crematorium; Po Kong Village Road,"['transit_station', 'point_of_interest', 'establishment']",1968.0000000000002,TRUE
24,POINT (114.2063955 22.344972499999997),Daily Transport,62.39452097615228,22.344972499999997,114.2063955,111566,1968.0000000000002,32.800000000000004,POINT (114.2063955 22.344972499999997),4/5/2023 4:23,4/5/2023 4:56,4/5/2023,1968.0000000000002,111566,22.344972499999997,114.2063955,78.30877899,95.32105616,95.32105616,112.3333333,0,POINT (114.2063955 22.344972499999997),POINT (114.207283 22.344631),Diamond Hill Crematorium,"['transit_station', 'point_of_interest', 'establishment']",1968.0000000000002,TRUE
25,POINT (114.1236068 22.4903232),Daily Transport,100,22.4903232,114.1236068,111926,12479,207.98333333333332,POINT (114.1236068 22.4903232),5/9/2023 5:27,5/9/2023 8:55,5/9/2023,12479,111926,22.4903232,114.1236068,15,22.053695665952752,23.27400017,27.78199959,0,POINT (114.1236068 22.4903232),POINT (114.122947 22.490316),Ping Kong Road - Ping Kong,"['transit_station', 'point_of_interest', 'establishment']",12479,TRUE
26,POINT (114.140785 22.364205),Daily Transport,98.44002121787429,22.364205,114.140785,111933,39404,656.7333333333333,POINT (114.140785 22.364205),3/1/2023 5:07,3/1/2023 16:04,3/1/2023,39404,111933,22.364205,114.140785,35,37.284900815124125,35,67.91559387,0,POINT (114.140785 22.364205),POINT (114.140256 22.364909),石籬(二)邨石怡樓,"['transit_station', 'point_of_interest', 'establishment']",39404,TRUE
27,POINT (114.140785 22.364205),Daily Transport,98.44002121787429,22.364205,114.140785,111933,39404,656.7333333333333,POINT (114.140785 22.364205),3/1/2023 5:07,3/1/2023 16:04,3/1/2023,39404,111933,22.364205,114.140785,35,37.284900815124125,35,67.91559387,0,POINT (114.140785 22.364205),POINT (114.140557 22.364115),Shek Lei (ii) Estate Shek Kai House,"['transit_station', 'point_of_interest', 'establishment']",39404,TRUE
28,POINT (114.140785 22.364205),Daily Transport,98.44002121787429,22.364205,114.140785,111933,39404,656.7333333333333,POINT (114.140785 22.364205),3/1/2023 5:07,3/1/2023 16:04,3/1/2023,39404,111933,22.364205,114.140785,35,37.284900815124125,35,67.91559387,0,POINT (114.140785 22.364205),POINT (114.140625 22.36402499999999),Shek Lei (ii) Estate Shek Kai House,"['transit_station', 'point_of_interest', 'establishment']",39404,TRUE
29,POINT (114.140785 22.364205),Daily Transport,98.44002121787429,22.364205,114.140785,111933,39404,656.7333333333333,POINT (114.140785 22.364205),3/1/2023 5:07,3/1/2023 16:04,3/1/2023,39404,111933,22.364205,114.140785,35,37.284900815124125,35,67.91559387,0,POINT (114.140785 22.364205),POINT (114.140318 22.36486),Shek Lei (ii) Estate Shek Yee House,"['transit_station', 'point_of_interest', 'establishment']",39404,TRUE
30,POINT (114.140785 22.364205),Daily Transport,98.44002121787429,22.364205,114.140785,111933,39404,656.7333333333333,POINT (114.140785 22.364205),3/1/2023 5:07,3/1/2023 16:04,3/1/2023,39404,111933,22.364205,114.140785,35,37.284900815124125,35,67.91559387,0,POINT (114.140785 22.364205),POINT (114.140032 22.364713),Shek Kai House Shek Lei Estate,"['transit_station', 'point_of_interest', 'establishment']",39404,TRUE
31,POINT (114.140785 22.364205),Daily Transport,98.44002121787429,22.364205,114.140785,111933,39404,656.7333333333333,POINT (114.140785 22.364205),3/1/2023 5:07,3/1/2023 16:04,3/1/2023,39404,111933,22.364205,114.140785,35,37.284900815124125,35,67.91559387,0,POINT (114.140785 22.364205),POINT (114.14041 22.365065),Shek Kai House Shek Lei Estate,"['transit_station', 'point_of_interest', 'establishment']",39404,TRUE
32,POINT (114.140785 22.364205),Daily Transport,98.44002121787429,22.364205,114.140785,111933,39404,656.7333333333333,POINT (114.140785 22.364205),3/1/2023 5:07,3/1/2023 16:04,3/1/2023,39404,111933,22.364205,114.140785,35,37.284900815124125,35,67.91559387,0,POINT (114.140785 22.364205),POINT (114.140194 22.36495799999999),Shek Lei (ii) Estate Shek Yee House,"['transit_station', 'point_of_interest', 'establishment']",39404,TRUE
33,POINT (114.2263818 22.322428),Daily Transport,91.64699687063768,22.322428,114.2263818,112114,2478,41.3,POINT (114.2263818 22.322428),5/27/2023 10:30,5/27/2023 11:11,5/27/2023,2478,112114,22.322428,114.2263818,19.99799919,26.398618607293997,31.21899986,31.21899986,0,POINT (114.2263818 22.322428),POINT (114.225995 22.322333),高雷中學,"['transit_station', 'point_of_interest', 'establishment']",2478,TRUE
34,POINT (114.2263818 22.322428),Daily Transport,91.64699687063768,22.322428,114.2263818,112114,2478,41.3,POINT (114.2263818 22.322428),5/27/2023 10:30,5/27/2023 11:11,5/27/2023,2478,112114,22.322428,114.2263818,19.99799919,26.398618607293997,31.21899986,31.21899986,0,POINT (114.2263818 22.322428),POINT (114.2257465 22.322895),基督教聯合醫院,"['transit_station', 'point_of_interest', 'establishment']",2478,TRUE
35,POINT (114.2263818 22.322428),Daily Transport,91.64699687063768,22.322428,114.2263818,112114,2478,41.3,POINT (114.2263818 22.322428),5/27/2023 10:30,5/27/2023 11:11,5/27/2023,2478,112114,22.322428,114.2263818,19.99799919,26.398618607293997,31.21899986,31.21899986,0,POINT (114.2263818 22.322428),POINT (114.226059 22.322495),Ko Lui Secondary School,"['transit_station', 'point_of_interest', 'establishment']",2478,TRUE
36,POINT (114.2263818 22.322428),Daily Transport,91.64699687063768,22.322428,114.2263818,112114,2478,41.3,POINT (114.2263818 22.322428),5/27/2023 10:30,5/27/2023 11:11,5/27/2023,2478,112114,22.322428,114.2263818,19.99799919,26.398618607293997,31.21899986,31.21899986,0,POINT (114.2263818 22.322428),POINT (114.226098 22.32224),United Christian Hospital,"['transit_station', 'point_of_interest', 'establishment']",2478,TRUE
37,POINT (114.2263818 22.322428),Daily Transport,91.64699687063768,22.322428,114.2263818,112114,2478,41.3,POINT (114.2263818 22.322428),5/27/2023 10:30,5/27/2023 11:11,5/27/2023,2478,112114,22.322428,114.2263818,19.99799919,26.398618607293997,31.21899986,31.21899986,0,POINT (114.2263818 22.322428),POINT (114.225886 22.322211),United Christian Hospital,"['transit_station', 'point_of_interest', 'establishment']",2478,TRUE
38,POINT (114.2263818 22.322428),Daily Transport,91.64699687063768,22.322428,114.2263818,112114,2478,41.3,POINT (114.2263818 22.322428),5/27/2023 10:30,5/27/2023 11:11,5/27/2023,2478,112114,22.322428,114.2263818,19.99799919,26.398618607293997,31.21899986,31.21899986,0,POINT (114.2263818 22.322428),POINT (114.22585 22.322855),United Christian Hospital,"['transit_station', 'point_of_interest', 'establishment']",2478,TRUE
39,POINT (114.2263818 22.322428),Daily Transport,91.64699687063768,22.322428,114.2263818,112114,2478,41.3,POINT (114.2263818 22.322428),5/27/2023 10:30,5/27/2023 11:11,5/27/2023,2478,112114,22.322428,114.2263818,19.99799919,26.398618607293997,31.21899986,31.21899986,0,POINT (114.2263818 22.322428),POINT (114.226986 22.322833),United Christian Hospital Block S,"['transit_station', 'point_of_interest', 'establishment']",2478,TRUE
40,POINT (114.17426 22.364338),Daily Transport,52.55682570699087,22.364338,114.17426,112118,35073,584.55,POINT (114.17426 22.364338),7/4/2023 13:20,7/4/2023 23:05,7/4/2023,35073,112118,22.364338,114.17426,18.64547355,18.741993071425266,18.79025283,18.79025283,0,POINT (114.17426 22.364338),POINT (114.174401 22.3644005),嘉徑苑,"['transit_station', 'point_of_interest', 'establishment']",35073,TRUE
41,POINT (114.16951 22.246598),Daily Transport,34.269461766505046,22.246598,114.16951,112144,36780,613,POINT (114.16951 22.246598),1/1/2023 6:58,1/1/2023 17:11,1/1/2023,36780,112144,22.246598,114.16951,17.60100216,23.615656662365318,17.60100216,138.6817503,0,POINT (114.16951 22.246598),POINT (114.169118 22.246448),Police College (Aberdeen) R.& F. Married Quarters,"['transit_station', 'point_of_interest', 'establishment']",36780,TRUE
42,POINT (114.16951 22.246598),Daily Transport,34.269461766505046,22.246598,114.16951,112144,36780,613,POINT (114.16951 22.246598),1/1/2023 6:58,1/1/2023 17:11,1/1/2023,36780,112144,22.246598,114.16951,17.60100216,23.615656662365318,17.60100216,138.6817503,0,POINT (114.16951 22.246598),POINT (114.16908 22.24653),Police School Road,"['transit_station', 'point_of_interest', 'establishment']",36780,TRUE
43,POINT (114.16951 22.246598),Daily Transport,34.269461766505046,22.246598,114.16951,112144,36780,613,POINT (114.16951 22.246598),1/1/2023 6:58,1/1/2023 17:11,1/1/2023,36780,112144,22.246598,114.16951,17.60100216,23.615656662365318,17.60100216,138.6817503,0,POINT (114.16951 22.246598),POINT (114.168793 22.245607),Wong Chuk Hang Estate Block 1,"['transit_station', 'point_of_interest', 'establishment']",36780,TRUE
44,POINT (114.15590499999999 22.301372),Daily Transport,75.39167583513904,22.301372,114.15590499999999,112144,4042.0000000000005,67.36666666666667,POINT (114.15590499999999 22.301372),3/3/2023 4:55,3/3/2023 6:02,3/3/2023,4042.0000000000005,112144,22.301372,114.15590499999999,10,37.5,37.5,65,0,POINT (114.15590499999999 22.301372),POINT (114.15617 22.30148),Hong Kong Palace Museum,"['transit_station', 'point_of_interest', 'establishment']",4042.0000000000005,TRUE
45,POINT (114.15590499999999 22.301372),Daily Transport,75.39167583513904,22.301372,114.15590499999999,112144,4042.0000000000005,67.36666666666667,POINT (114.15590499999999 22.301372),3/3/2023 4:55,3/3/2023 6:02,3/3/2023,4042.0000000000005,112144,22.301372,114.15590499999999,10,37.5,37.5,65,0,POINT (114.15590499999999 22.301372),POINT (114.15626 22.30165),Hong Kong Palace Museum,"['transit_station', 'point_of_interest', 'establishment']",4042.0000000000005,TRUE
46,POINT (114.15590499999999 22.301372),Daily Transport,75.39167583513904,22.301372,114.15590499999999,112144,4042.0000000000005,67.36666666666667,POINT (114.15590499999999 22.301372),3/3/2023 4:55,3/3/2023 6:02,3/3/2023,4042.0000000000005,112144,22.301372,114.15590499999999,10,37.5,37.5,65,0,POINT (114.15590499999999 22.301372),POINT (114.1564 22.30177),Hong Kong Palace Museum; Museum Drive,"['transit_station', 'point_of_interest', 'establishment']",4042.0000000000005,TRUE
47,POINT (114.15590499999999 22.301372),Daily Transport,75.39167583513904,22.301372,114.15590499999999,112144,4042.0000000000005,67.36666666666667,POINT (114.15590499999999 22.301372),3/3/2023 4:55,3/3/2023 6:02,3/3/2023,4042.0000000000005,112144,22.301372,114.15590499999999,10,37.5,37.5,65,0,POINT (114.15590499999999 22.301372),POINT (114.15634 22.30081999999999),Art Park West Kowloon Cultural District,"['transit_station', 'point_of_interest', 'establishment']",4042.0000000000005,TRUE
48,POINT (114.151974 22.278044),Daily Transport,37.95678385867386,22.278044,114.151974,112217,27711,461.85,POINT (114.151974 22.278044),2/11/2023 7:37,2/11/2023 15:19,2/11/2023,27711,112217,22.278044,114.151974,35,122.61334307097897,35,908.9365335,0,POINT (114.151974 22.278044),POINT (114.1517455 22.2784755),麗豪閣,"['transit_station', 'point_of_interest', 'establishment']",27711,TRUE
49,POINT (114.1286855 22.346124500000002),Daily Transport,86.78538160111812,22.346124500000002,114.1286855,112217,5994,99.9,POINT (114.1286855 22.346124500000002),8/10/2023 4:44,8/10/2023 6:24,8/10/2023,5994,112217,22.346124500000002,114.1286855,65,65,65,65,0,POINT (114.1286855 22.346124500000002),POINT (114.128314 22.3460615),祖堯坊,"['transit_station', 'point_of_interest', 'establishment']",5994,TRUE
50,POINT (114.1286855 22.346124500000002),Daily Transport,86.78538160111812,22.346124500000002,114.1286855,112217,5994,99.9,POINT (114.1286855 22.346124500000002),8/10/2023 4:44,8/10/2023 6:24,8/10/2023,5994,112217,22.346124500000002,114.1286855,65,65,65,65,0,POINT (114.1286855 22.346124500000002),POINT (114.129096 22.3462105),祖堯邨啟廉樓,"['transit_station', 'point_of_interest', 'establishment']",5994,TRUE
51,POINT (114.1286855 22.346124500000002),Daily Transport,86.78538160111812,22.346124500000002,114.1286855,112217,5994,99.9,POINT (114.1286855 22.346124500000002),8/10/2023 4:44,8/10/2023 6:24,8/10/2023,5994,112217,22.346124500000002,114.1286855,65,65,65,65,0,POINT (114.1286855 22.346124500000002),POINT (114.128591 22.346116),Cho Yiu Chuen Commercial Centre,"['transit_station', 'point_of_interest', 'establishment']",5994,TRUE
52,POINT (114.1306442 22.3516326),Daily Transport,73.60482718605208,22.3516326,114.1306442,112217,1952.0000000000002,32.53333333333334,POINT (114.1306442 22.3516326),1/30/2023 16:51,1/30/2023 17:24,1/30/2023,1952.0000000000002,112217,22.3516326,114.1306442,63,63,63,63,0,POINT (114.1306442 22.3516326),POINT (114.1299565 22.3522965),葵涌循道中學,"['transit_station', 'point_of_interest', 'establishment']",1952.0000000000002,TRUE
53,POINT (114.1306442 22.3516326),Daily Transport,73.60482718605208,22.3516326,114.1306442,112217,1952.0000000000002,32.53333333333334,POINT (114.1306442 22.3516326),1/30/2023 16:51,1/30/2023 17:24,1/30/2023,1952.0000000000002,112217,22.3516326,114.1306442,63,63,63,63,0,POINT (114.1306442 22.3516326),POINT (114.130004 22.352166),Kwai Chung Methodist College,"['transit_station', 'point_of_interest', 'establishment']",1952.0000000000002,TRUE
54,POINT (114.1306442 22.3516326),Daily Transport,73.60482718605208,22.3516326,114.1306442,112217,1952.0000000000002,32.53333333333334,POINT (114.1306442 22.3516326),1/30/2023 16:51,1/30/2023 17:24,1/30/2023,1952.0000000000002,112217,22.3516326,114.1306442,63,63,63,63,0,POINT (114.1306442 22.3516326),POINT (114.130682 22.35265),Lai Yiu Estate Lok Yiu House,"['transit_station', 'point_of_interest', 'establishment']",1952.0000000000002,TRUE
55,POINT (114.1306442 22.3516326),Daily Transport,73.60482718605208,22.3516326,114.1306442,112217,1952.0000000000002,32.53333333333334,POINT (114.1306442 22.3516326),1/30/2023 16:51,1/30/2023 17:24,1/30/2023,1952.0000000000002,112217,22.3516326,114.1306442,63,63,63,63,0,POINT (114.1306442 22.3516326),POINT (114.129909 22.352427),Kwai Chung Methodist College,"['transit_station', 'point_of_interest', 'establishment']",1952.0000000000002,TRUE
56,POINT (114.1306442 22.3516326),Daily Transport,73.60482718605208,22.3516326,114.1306442,112217,1952.0000000000002,32.53333333333334,POINT (114.1306442 22.3516326),1/30/2023 16:51,1/30/2023 17:24,1/30/2023,1952.0000000000002,112217,22.3516326,114.1306442,63,63,63,63,0,POINT (114.1306442 22.3516326),POINT (114.131242 22.350666),Tsui Yiu Court,"['transit_station', 'point_of_interest', 'establishment']",1952.0000000000002,TRUE
57,POINT (114.1306442 22.3516326),Daily Transport,73.60482718605208,22.3516326,114.1306442,112217,1952.0000000000002,32.53333333333334,POINT (114.1306442 22.3516326),1/30/2023 16:51,1/30/2023 17:24,1/30/2023,1952.0000000000002,112217,22.3516326,114.1306442,63,63,63,63,0,POINT (114.1306442 22.3516326),POINT (114.131839 22.351389),The Junction between Wah Yiu Road and Lai Chi Ling Road,"['transit_station', 'point_of_interest', 'establishment']",1952.0000000000002,TRUE
58,POINT (114.1306442 22.3516326),Daily Transport,73.60482718605208,22.3516326,114.1306442,112217,1952.0000000000002,32.53333333333334,POINT (114.1306442 22.3516326),1/30/2023 16:51,1/30/2023 17:24,1/30/2023,1952.0000000000002,112217,22.3516326,114.1306442,63,63,63,63,0,POINT (114.1306442 22.3516326),POINT (114.131333 22.350637),Tsui Yiu Court,"['transit_station', 'point_of_interest', 'establishment']",1952.0000000000002,TRUE
59,POINT (114.1306442 22.3516326),Daily Transport,73.60482718605208,22.3516326,114.1306442,112217,1952.0000000000002,32.53333333333334,POINT (114.1306442 22.3516326),1/30/2023 16:51,1/30/2023 17:24,1/30/2023,1952.0000000000002,112217,22.3516326,114.1306442,63,63,63,63,0,POINT (114.1306442 22.3516326),POINT (114.130916 22.3529345),麗瑤邨樂瑤樓,"['transit_station', 'point_of_interest', 'establishment']",1952.0000000000002,TRUE
60,POINT (114.1306442 22.3516326),Daily Transport,73.60482718605208,22.3516326,114.1306442,112217,1952.0000000000002,32.53333333333334,POINT (114.1306442 22.3516326),1/30/2023 16:51,1/30/2023 17:24,1/30/2023,1952.0000000000002,112217,22.3516326,114.1306442,63,63,63,63,0,POINT (114.1306442 22.3516326),POINT (114.131922 22.351259),Tai Wo Tsuen Salt Water Pumping Station,"['bus_station', 'transit_station', 'point_of_interest', 'establishment']",1952.0000000000002,TRUE
61,POINT (114.1315433 22.3519913),Daily Transport,81.64412238567559,22.3519913,114.1315433,112217,9961,166.01666666666668,POINT (114.1315433 22.3519913),12/31/2022 16:36,12/31/2022 19:22,12/31/2022,9961,112217,22.3519913,114.1315433,12.39000034,13.794344842844994,13.67800045,21.05800056,0,POINT (114.1315433 22.3519913),POINT (114.130916 22.3529345),麗瑤邨樂瑤樓,"['transit_station', 'point_of_interest', 'establishment']",9961,TRUE
62,POINT (114.1315433 22.3519913),Daily Transport,81.64412238567559,22.3519913,114.1315433,112217,9961,166.01666666666668,POINT (114.1315433 22.3519913),12/31/2022 16:36,12/31/2022 19:22,12/31/2022,9961,112217,22.3519913,114.1315433,12.39000034,13.794344842844994,13.67800045,21.05800056,0,POINT (114.1315433 22.3519913),POINT (114.131839 22.351389),The Junction between Wah Yiu Road and Lai Chi Ling Road,"['transit_station', 'point_of_interest', 'establishment']",9961,TRUE
63,POINT (114.1315433 22.3519913),Daily Transport,81.64412238567559,22.3519913,114.1315433,112217,9961,166.01666666666668,POINT (114.1315433 22.3519913),12/31/2022 16:36,12/31/2022 19:22,12/31/2022,9961,112217,22.3519913,114.1315433,12.39000034,13.794344842844994,13.67800045,21.05800056,0,POINT (114.1315433 22.3519913),POINT (114.131922 22.351259),Tai Wo Tsuen Salt Water Pumping Station,"['bus_station', 'transit_station', 'point_of_interest', 'establishment']",9961,TRUE
64,POINT (114.1315433 22.3519913),Daily Transport,81.64412238567559,22.3519913,114.1315433,112217,9961,166.01666666666668,POINT (114.1315433 22.3519913),12/31/2022 16:36,12/31/2022 19:22,12/31/2022,9961,112217,22.3519913,114.1315433,12.39000034,13.794344842844994,13.67800045,21.05800056,0,POINT (114.1315433 22.3519913),POINT (114.131547 22.352986),Lai Yiu Estate Lok Yiu House,"['transit_station', 'point_of_interest', 'establishment']",9961,TRUE
65,POINT (114.1315433 22.3519913),Daily Transport,81.64412238567559,22.3519913,114.1315433,112217,9961,166.01666666666668,POINT (114.1315433 22.3519913),12/31/2022 16:36,12/31/2022 19:22,12/31/2022,9961,112217,22.3519913,114.1315433,12.39000034,13.794344842844994,13.67800045,21.05800056,0,POINT (114.1315433 22.3519913),POINT (114.130682 22.35265),Lai Yiu Estate Lok Yiu House,"['transit_station', 'point_of_interest', 'establishment']",9961,TRUE
66,POINT (114.1315433 22.3519913),Daily Transport,81.64412238567559,22.3519913,114.1315433,112217,9961,166.01666666666668,POINT (114.1315433 22.3519913),12/31/2022 16:36,12/31/2022 19:22,12/31/2022,9961,112217,22.3519913,114.1315433,12.39000034,13.794344842844994,13.67800045,21.05800056,0,POINT (114.1315433 22.3519913),POINT (114.131948 22.35307999999999),Lai Yiu Bus Terminus,"['transit_station', 'point_of_interest', 'establishment']",9961,TRUE
67,POINT (114.1309585 22.353039),Daily Transport,98.57699916725875,22.353039,114.1309585,112217,4912,81.86666666666666,POINT (114.1309585 22.353039),1/31/2023 11:34,1/31/2023 12:56,1/31/2023,4912,112217,22.353039,114.1309585,71.5,71.5,71.5,71.5,0,POINT (114.1309585 22.353039),POINT (114.130916 22.3529345),麗瑤邨樂瑤樓,"['transit_station', 'point_of_interest', 'establishment']",4912,TRUE
68,POINT (114.1309585 22.353039),Daily Transport,98.57699916725875,22.353039,114.1309585,112217,4912,81.86666666666666,POINT (114.1309585 22.353039),1/31/2023 11:34,1/31/2023 12:56,1/31/2023,4912,112217,22.353039,114.1309585,71.5,71.5,71.5,71.5,0,POINT (114.1309585 22.353039),POINT (114.131117 22.353219),Lai Yiu Estate Lok Yiu House,"['transit_station', 'point_of_interest', 'establishment']",4912,TRUE
69,POINT (114.1309585 22.353039),Daily Transport,98.57699916725875,22.353039,114.1309585,112217,4912,81.86666666666666,POINT (114.1309585 22.353039),1/31/2023 11:34,1/31/2023 12:56,1/31/2023,4912,112217,22.353039,114.1309585,71.5,71.5,71.5,71.5,0,POINT (114.1309585 22.353039),POINT (114.130682 22.35265),Lai Yiu Estate Lok Yiu House,"['transit_station', 'point_of_interest', 'establishment']",4912,TRUE
70,POINT (114.1309585 22.353039),Daily Transport,98.57699916725875,22.353039,114.1309585,112217,4912,81.86666666666666,POINT (114.1309585 22.353039),1/31/2023 11:34,1/31/2023 12:56,1/31/2023,4912,112217,22.353039,114.1309585,71.5,71.5,71.5,71.5,0,POINT (114.1309585 22.353039),POINT (114.131547 22.352986),Lai Yiu Estate Lok Yiu House,"['transit_station', 'point_of_interest', 'establishment']",4912,TRUE
71,POINT (114.1309585 22.353039),Daily Transport,98.57699916725875,22.353039,114.1309585,112217,4912,81.86666666666666,POINT (114.1309585 22.353039),1/31/2023 11:34,1/31/2023 12:56,1/31/2023,4912,112217,22.353039,114.1309585,71.5,71.5,71.5,71.5,0,POINT (114.1309585 22.353039),POINT (114.130285 22.352924),Lai Yiu Estate Lok Yiu House,"['transit_station', 'point_of_interest', 'establishment']",4912,TRUE
72,POINT (114.2016495 22.3269007),Daily Transport,34.85925053382653,22.3269007,114.2016495,112229,3287,54.78333333333333,POINT (114.2016495 22.3269007),3/2/2023 10:27,3/2/2023 11:22,3/2/2023,3287,112229,22.3269007,114.2016495,14.03899956,26.47312908787881,27.41600037,44.68999863,0,POINT (114.2016495 22.3269007),POINT (114.20238 22.32625),EMSD Headquarters; Shing Kai Road,"['transit_station', 'point_of_interest', 'establishment']",3287,TRUE
73,POINT (114.2016495 22.3269007),Daily Transport,34.85925053382653,22.3269007,114.2016495,112229,3287,54.78333333333333,POINT (114.2016495 22.3269007),3/2/2023 10:27,3/2/2023 11:22,3/2/2023,3287,112229,22.3269007,114.2016495,14.03899956,26.47312908787881,27.41600037,44.68999863,0,POINT (114.2016495 22.3269007),POINT (114.2026 22.32617),EMSD Headquarters; Shing Kai Road,"['transit_station', 'point_of_interest', 'establishment']",3287,TRUE
74,POINT (114.22776245 22.3212631),Daily Transport,45.47956419581718,22.3212631,114.2277625,112412,2183,36.38333333333333,POINT (114.22776245 22.3212631),8/16/2023 11:56,8/16/2023 12:33,8/16/2023,2183,112412,22.3212631,114.2277625,11.47500038,11.60550022125245,11.60550022125245,11.73600006,0,POINT (114.22776245 22.3212631),POINT (114.2271715 22.320933),秀雅道遊樂場,"['transit_station', 'point_of_interest', 'establishment']",2183,TRUE
75,POINT (114.22776245 22.3212631),Daily Transport,45.47956419581718,22.3212631,114.2277625,112412,2183,36.38333333333333,POINT (114.22776245 22.3212631),8/16/2023 11:56,8/16/2023 12:33,8/16/2023,2183,112412,22.3212631,114.2277625,11.47500038,11.60550022125245,11.60550022125245,11.73600006,0,POINT (114.22776245 22.3212631),POINT (114.226736 22.3208135),華峰園,"['transit_station', 'point_of_interest', 'establishment']",2183,TRUE
76,POINT (114.033452 22.450995),Daily Transport,98.32607598449724,22.450995,114.033452,112548,1870.0000000000002,31.16666666666667,POINT (114.033452 22.450995),5/2/2023 10:15,5/2/2023 10:46,5/2/2023,1870.0000000000002,112548,22.450995,114.033452,14.58835512,14.803443513799683,14.79020877637225,15.01857331,0,POINT (114.033452 22.450995),POINT (114.0338 22.451209),采葉庭,"['transit_station', 'point_of_interest', 'establishment']",1870.0000000000002,TRUE
77,POINT (114.033452 22.450995),Daily Transport,98.32607598449724,22.450995,114.033452,112548,1870.0000000000002,31.16666666666667,POINT (114.033452 22.450995),5/2/2023 10:15,5/2/2023 10:46,5/2/2023,1870.0000000000002,112548,22.450995,114.033452,14.58835512,14.803443513799683,14.79020877637225,15.01857331,0,POINT (114.033452 22.450995),POINT (114.0336682 22.4506245),Parcville,"['transit_station', 'point_of_interest', 'establishment']",1870.0000000000002,TRUE
78,POINT (114.033452 22.450995),Daily Transport,98.32607598449724,22.450995,114.033452,112548,1870.0000000000002,31.16666666666667,POINT (114.033452 22.450995),5/2/2023 10:15,5/2/2023 10:46,5/2/2023,1870.0000000000002,112548,22.450995,114.033452,14.58835512,14.803443513799683,14.79020877637225,15.01857331,0,POINT (114.033452 22.450995),POINT (114.0334442 22.4502939),Parcville,"['transit_station', 'point_of_interest', 'establishment']",1870.0000000000002,TRUE
79,POINT (113.975756 22.383533),Daily Transport,54.97249744804829,22.383533,113.975756,112784,7956.000000000001,132.60000000000002,POINT (113.975756 22.383533),1/3/2023 10:52,1/3/2023 13:04,1/3/2023,7956.000000000001,112784,22.383533,113.975756,6.419466651,20.717557491279507,20.717557491279507,35.01564833,0,POINT (113.975756 22.383533),POINT (113.975737 22.3846485),兆麟苑,"['transit_station', 'point_of_interest', 'establishment']",7956.000000000001,TRUE
80,POINT (113.975756 22.383533),Daily Transport,54.97249744804829,22.383533,113.975756,112784,7956.000000000001,132.60000000000002,POINT (113.975756 22.383533),1/3/2023 10:52,1/3/2023 13:04,1/3/2023,7956.000000000001,112784,22.383533,113.975756,6.419466651,20.717557491279507,20.717557491279507,35.01564833,0,POINT (113.975756 22.383533),POINT (113.976461 22.382593),恆福花園,"['transit_station', 'point_of_interest', 'establishment']",7956.000000000001,TRUE
81,POINT (113.975756 22.383533),Daily Transport,54.97249744804829,22.383533,113.975756,112784,7956.000000000001,132.60000000000002,POINT (113.975756 22.383533),1/3/2023 10:52,1/3/2023 13:04,1/3/2023,7956.000000000001,112784,22.383533,113.975756,6.419466651,20.717557491279507,20.717557491279507,35.01564833,0,POINT (113.975756 22.383533),POINT (113.97604 22.38286),Siu Lun Court - Hanford Garden,"['transit_station', 'point_of_interest', 'establishment']",7956.000000000001,TRUE
82,POINT (113.975756 22.383533),Daily Transport,54.97249744804829,22.383533,113.975756,112784,7956.000000000001,132.60000000000002,POINT (113.975756 22.383533),1/3/2023 10:52,1/3/2023 13:04,1/3/2023,7956.000000000001,112784,22.383533,113.975756,6.419466651,20.717557491279507,20.717557491279507,35.01564833,0,POINT (113.975756 22.383533),POINT (113.97635 22.382949),Siu Lun Court; Hoi Wing Road,"['transit_station', 'point_of_interest', 'establishment']",7956.000000000001,TRUE
83,POINT (113.975756 22.383533),Daily Transport,54.97249744804829,22.383533,113.975756,112784,7956.000000000001,132.60000000000002,POINT (113.975756 22.383533),1/3/2023 10:52,1/3/2023 13:04,1/3/2023,7956.000000000001,112784,22.383533,113.975756,6.419466651,20.717557491279507,20.717557491279507,35.01564833,0,POINT (113.975756 22.383533),POINT (113.97628 22.38289),Mouse Island Children's Playground; Hoi Wing Road,"['transit_station', 'point_of_interest', 'establishment']",7956.000000000001,TRUE
84,POINT (113.975756 22.383533),Daily Transport,54.97249744804829,22.383533,113.975756,112784,7956.000000000001,132.60000000000002,POINT (113.975756 22.383533),1/3/2023 10:52,1/3/2023 13:04,1/3/2023,7956.000000000001,112784,22.383533,113.975756,6.419466651,20.717557491279507,20.717557491279507,35.01564833,0,POINT (113.975756 22.383533),POINT (113.976368 22.382932),Mouse Island Children's Playground; Hoi Wing Road,"['transit_station', 'point_of_interest', 'establishment']",7956.000000000001,TRUE
85,POINT (114.1624786 22.4401378),Daily Transport,45.662021065577996,22.4401378,114.1624786,112941,5349,89.15,POINT (114.1624786 22.4401378),6/12/2023 19:10,6/12/2023 20:39,6/12/2023,5349,112941,22.4401378,114.1624786,9.31400013,9.31400013,9.31400013,9.31400013,0,POINT (114.1624786 22.4401378),POINT (114.162594 22.441526),Classical Gardens Phase 2,"['transit_station', 'point_of_interest', 'establishment']",5349,TRUE
86,POINT (114.1624786 22.4401378),Daily Transport,45.662021065577996,22.4401378,114.1624786,112941,5349,89.15,POINT (114.1624786 22.4401378),6/12/2023 19:10,6/12/2023 20:39,6/12/2023,5349,112941,22.4401378,114.1624786,9.31400013,9.31400013,9.31400013,9.31400013,0,POINT (114.1624786 22.4401378),POINT (114.162567 22.441647),Classical Gardens Phase 2,"['transit_station', 'point_of_interest', 'establishment']",5349,TRUE
87,POINT (114.1624786 22.4401378),Daily Transport,45.662021065577996,22.4401378,114.1624786,112941,5349,89.15,POINT (114.1624786 22.4401378),6/12/2023 19:10,6/12/2023 20:39,6/12/2023,5349,112941,22.4401378,114.1624786,9.31400013,9.31400013,9.31400013,9.31400013,0,POINT (114.1624786 22.4401378),POINT (114.161417 22.441324),Grand Dynasty View,"['transit_station', 'point_of_interest', 'establishment']",5349,TRUE
88,POINT (114.1624786 22.4401378),Daily Transport,45.662021065577996,22.4401378,114.1624786,112941,5349,89.15,POINT (114.1624786 22.4401378),6/12/2023 19:10,6/12/2023 20:39,6/12/2023,5349,112941,22.4401378,114.1624786,9.31400013,9.31400013,9.31400013,9.31400013,0,POINT (114.1624786 22.4401378),POINT (114.161421 22.441374),御峰豪園,"['transit_station', 'point_of_interest', 'establishment']",5349,TRUE
89,POINT (114.1624786 22.4401378),Daily Transport,45.662021065577996,22.4401378,114.1624786,112941,5349,89.15,POINT (114.1624786 22.4401378),6/12/2023 19:10,6/12/2023 20:39,6/12/2023,5349,112941,22.4401378,114.1624786,9.31400013,9.31400013,9.31400013,9.31400013,0,POINT (114.1624786 22.4401378),POINT (114.161425 22.441424),Classical Gardens Phase 1,"['transit_station', 'point_of_interest', 'establishment']",5349,TRUE
90,POINT (114.220078 22.471451),Daily Transport,70.29931466334331,22.471451,114.220078,113159,9329,155.48333333333332,POINT (114.220078 22.471451),4/1/2023 1:37,4/1/2023 4:13,4/1/2023,9329,113159,22.471451,114.220078,4.656421151,6.721708481327283,5.487792471398651,34.59057884,0,POINT (114.220078 22.471451),POINT (114.21959 22.4704785),汀角,"['transit_station', 'point_of_interest', 'establishment']",9329,TRUE
91,POINT (114.220078 22.471451),Daily Transport,70.29931466334331,22.471451,114.220078,113159,9329,155.48333333333332,POINT (114.220078 22.471451),4/1/2023 1:37,4/1/2023 4:13,4/1/2023,9329,113159,22.471451,114.220078,4.656421151,6.721708481327283,5.487792471398651,34.59057884,0,POINT (114.220078 22.471451),POINT (114.21969 22.4704355),汀角村,"['transit_station', 'point_of_interest', 'establishment']",9329,TRUE
92,POINT (114.220078 22.471451),Daily Transport,70.29931466334331,22.471451,114.220078,113159,9329,155.48333333333332,POINT (114.220078 22.471451),4/1/2023 1:37,4/1/2023 4:13,4/1/2023,9329,113159,22.471451,114.220078,4.656421151,6.721708481327283,5.487792471398651,34.59057884,0,POINT (114.220078 22.471451),POINT (114.219778 22.47045899999999),Ting Kok Tsuen,"['transit_station', 'point_of_interest', 'establishment']",9329,TRUE
93,POINT (114.220078 22.471451),Daily Transport,70.29931466334331,22.471451,114.220078,113159,9329,155.48333333333332,POINT (114.220078 22.471451),4/1/2023 1:37,4/1/2023 4:13,4/1/2023,9329,113159,22.471451,114.220078,4.656421151,6.721708481327283,5.487792471398651,34.59057884,0,POINT (114.220078 22.471451),POINT (114.219503 22.470469),Ting Kok,"['transit_station', 'point_of_interest', 'establishment']",9329,TRUE
94,POINT (114.220078 22.471451),Daily Transport,70.29931466334331,22.471451,114.220078,113159,9329,155.48333333333332,POINT (114.220078 22.471451),4/1/2023 1:37,4/1/2023 4:13,4/1/2023,9329,113159,22.471451,114.220078,4.656421151,6.721708481327283,5.487792471398651,34.59057884,0,POINT (114.220078 22.471451),POINT (114.21959 22.47032399999999),Ting Kok,"['transit_station', 'point_of_interest', 'establishment']",9329,TRUE
95,POINT (114.220078 22.471451),Daily Transport,70.29931466334331,22.471451,114.220078,113159,9329,155.48333333333332,POINT (114.220078 22.471451),4/1/2023 1:37,4/1/2023 4:13,4/1/2023,9329,113159,22.471451,114.220078,4.656421151,6.721708481327283,5.487792471398651,34.59057884,0,POINT (114.220078 22.471451),POINT (114.219583 22.470274),Ting Kok Tsuen,"['transit_station', 'point_of_interest', 'establishment']",9329,TRUE
96,POINT (114.138731 22.484984),Daily Transport,53.93007926414054,22.484984,114.138731,113630,15360.000000000002,256.00000000000006,POINT (114.138731 22.484984),1/7/2023 19:22,1/7/2023 23:38,1/7/2023,15360.000000000002,113630,22.484984,114.138731,1060.519804,1131.7701775032879,1060.57237,1414,0,POINT (114.138731 22.484984),POINT (114.139083 22.486115),Yan Fai House Yan Shing Court,"['transit_station', 'point_of_interest', 'establishment']",15360.000000000002,TRUE
97,POINT (114.138731 22.484984),Daily Transport,53.93007926414054,22.484984,114.138731,113630,15360.000000000002,256.00000000000006,POINT (114.138731 22.484984),1/7/2023 19:22,1/7/2023 23:38,1/7/2023,15360.000000000002,113630,22.484984,114.138731,1060.519804,1131.7701775032879,1060.57237,1414,0,POINT (114.138731 22.484984),POINT (114.1393937 22.4839132),Hong Ming House Wah Ming Estate,"['transit_station', 'point_of_interest', 'establishment']",15360.000000000002,TRUE
98,POINT (114.138731 22.484984),Daily Transport,53.93007926414054,22.484984,114.138731,113630,15360.000000000002,256.00000000000006,POINT (114.138731 22.484984),1/7/2023 19:22,1/7/2023 23:38,1/7/2023,15360.000000000002,113630,22.484984,114.138731,1060.519804,1131.7701775032879,1060.57237,1414,0,POINT (114.138731 22.484984),POINT (114.13923 22.48382),Cheong Shing Court,"['transit_station', 'point_of_interest', 'establishment']",15360.000000000002,TRUE
99,POINT (113.952137 22.295811),Daily Transport,99.27519563584735,22.295811,113.952137,113640,1878.0000000000002,31.300000000000004,POINT (113.952137 22.295811),1/23/2023 7:41,1/23/2023 8:12,1/23/2023,1878.0000000000002,113640,22.295811,113.952137,35,1585.151352,1585.151352,3135.302705,0,POINT (113.952137 22.295811),POINT (113.952068 22.295683),The Visionary; Ying Tung Road,"['transit_station', 'point_of_interest', 'establishment']",1878.0000000000002,TRUE
100,POINT (113.952137 22.295811),Daily Transport,99.27519563584735,22.295811,113.952137,113640,1878.0000000000002,31.300000000000004,POINT (113.952137 22.295811),1/23/2023 7:41,1/23/2023 8:12,1/23/2023,1878.0000000000002,113640,22.295811,113.952137,35,1585.151352,1585.151352,3135.302705,0,POINT (113.952137 22.295811),POINT (113.95195 22.29583),The Visionary; Ying Tung Road,"['transit_station', 'point_of_interest', 'establishment']",1878.0000000000002,TRUE
101,POINT (113.952137 22.295811),Daily Transport,99.27519563584735,22.295811,113.952137,113640,1878.0000000000002,31.300000000000004,POINT (113.952137 22.295811),1/23/2023 7:41,1/23/2023 8:12,1/23/2023,1878.0000000000002,113640,22.295811,113.952137,35,1585.151352,1585.151352,3135.302705,0,POINT (113.952137 22.295811),POINT (113.95211 22.29557999999999),The Visionary; Ying Tung Road,"['transit_station', 'point_of_interest', 'establishment']",1878.0000000000002,TRUE
102,POINT (113.952137 22.295811),Daily Transport,99.27519563584735,22.295811,113.952137,113640,1878.0000000000002,31.300000000000004,POINT (113.952137 22.295811),1/23/2023 7:41,1/23/2023 8:12,1/23/2023,1878.0000000000002,113640,22.295811,113.952137,35,1585.151352,1585.151352,3135.302705,0,POINT (113.952137 22.295811),POINT (113.951991 22.295602),The Visionary; Ying Tung Road,"['transit_station', 'point_of_interest', 'establishment']",1878.0000000000002,TRUE
103,POINT (113.952137 22.295811),Daily Transport,99.27519563584735,22.295811,113.952137,113640,1878.0000000000002,31.300000000000004,POINT (113.952137 22.295811),1/23/2023 7:41,1/23/2023 8:12,1/23/2023,1878.0000000000002,113640,22.295811,113.952137,35,1585.151352,1585.151352,3135.302705,0,POINT (113.952137 22.295811),POINT (113.951888 22.2959718),The Visionary,"['transit_station', 'point_of_interest', 'establishment']",1878.0000000000002,TRUE
104,POINT (114.1738967 22.3806986),Daily Transport,24.12346254802065,22.3806986,114.1738967,113854,4918,81.96666666666667,POINT (114.1738967 22.3806986),1/8/2023 8:49,1/8/2023 10:11,1/8/2023,4918,113854,22.3806986,114.1738967,12.39500046,16.047391559766684,14.22700024,39.86100006,0,POINT (114.1738967 22.3806986),POINT (114.173904 22.380185),Mei Chung Court,"['transit_station', 'point_of_interest', 'establishment']",4918,TRUE
105,POINT (114.1738967 22.3806986),Daily Transport,24.12346254802065,22.3806986,114.1738967,113854,4918,81.96666666666667,POINT (114.1738967 22.3806986),1/8/2023 8:49,1/8/2023 10:11,1/8/2023,4918,113854,22.3806986,114.1738967,12.39500046,16.047391559766684,14.22700024,39.86100006,0,POINT (114.1738967 22.3806986),POINT (114.1738 22.38011999999999),Mei Chung Court; Mei Tin Road,"['transit_station', 'point_of_interest', 'establishment']",4918,TRUE
106,POINT (114.128056 22.347579),Daily Transport,91.12539540915755,22.347579,114.128056,211626,3166,52.766666666666666,POINT (114.128056 22.347579),1/4/2023 5:16,1/4/2023 6:09,1/4/2023,3166,211626,22.347579,114.128056,35,40,35,100,0,POINT (114.128056 22.347579),POINT (114.1284065 22.3475255),祖堯邨啟恆樓,"['transit_station', 'point_of_interest', 'establishment']",3166,TRUE
107,POINT (114.128056 22.347579),Daily Transport,91.12539540915755,22.347579,114.128056,211626,3166,52.766666666666666,POINT (114.128056 22.347579),1/4/2023 5:16,1/4/2023 6:09,1/4/2023,3166,211626,22.347579,114.128056,35,40,35,100,0,POINT (114.128056 22.347579),POINT (114.127507 22.3478565),悅麗苑麗華閣,"['transit_station', 'point_of_interest', 'establishment']",3166,TRUE
108,POINT (114.128056 22.347579),Daily Transport,91.12539540915755,22.347579,114.128056,211626,3166,52.766666666666666,POINT (114.128056 22.347579),1/4/2023 5:16,1/4/2023 6:09,1/4/2023,3166,211626,22.347579,114.128056,35,40,35,100,0,POINT (114.128056 22.347579),POINT (114.127759 22.3470125),祖堯邨啟謙樓,"['transit_station', 'point_of_interest', 'establishment']",3166,TRUE
109,POINT (114.128056 22.347579),Daily Transport,91.12539540915755,22.347579,114.128056,211626,3166,52.766666666666666,POINT (114.128056 22.347579),1/4/2023 5:16,1/4/2023 6:09,1/4/2023,3166,211626,22.347579,114.128056,35,40,35,100,0,POINT (114.128056 22.347579),POINT (114.128399 22.3486905),祖堯邨啟勉樓,"['transit_station', 'point_of_interest', 'establishment']",3166,TRUE
110,POINT (114.128056 22.347579),Daily Transport,91.12539540915755,22.347579,114.128056,211626,3166,52.766666666666666,POINT (114.128056 22.347579),1/4/2023 5:16,1/4/2023 6:09,1/4/2023,3166,211626,22.347579,114.128056,35,40,35,100,0,POINT (114.128056 22.347579),POINT (114.128371 22.34746),Cho Yiu Chuen Kai Hang Lau,"['transit_station', 'point_of_interest', 'establishment']",3166,TRUE
111,POINT (114.128056 22.347579),Daily Transport,91.12539540915755,22.347579,114.128056,211626,3166,52.766666666666666,POINT (114.128056 22.347579),1/4/2023 5:16,1/4/2023 6:09,1/4/2023,3166,211626,22.347579,114.128056,35,40,35,100,0,POINT (114.128056 22.347579),POINT (114.128442 22.347591),Cho Yiu Chuen Kai Hang Lau,"['transit_station', 'point_of_interest', 'establishment']",3166,TRUE
112,POINT (114.128056 22.347579),Daily Transport,91.12539540915755,22.347579,114.128056,211626,3166,52.766666666666666,POINT (114.128056 22.347579),1/4/2023 5:16,1/4/2023 6:09,1/4/2023,3166,211626,22.347579,114.128056,35,40,35,100,0,POINT (114.128056 22.347579),POINT (114.12757 22.347891),Yuet Lai Court Lai Wah House,"['transit_station', 'point_of_interest', 'establishment']",3166,TRUE
113,POINT (114.128056 22.347579),Daily Transport,91.12539540915755,22.347579,114.128056,211626,3166,52.766666666666666,POINT (114.128056 22.347579),1/4/2023 5:16,1/4/2023 6:09,1/4/2023,3166,211626,22.347579,114.128056,35,40,35,100,0,POINT (114.128056 22.347579),POINT (114.127783 22.34706),Cho Yiu Chuen Kai Him Lau,"['transit_station', 'point_of_interest', 'establishment']",3166,TRUE
114,POINT (114.128056 22.347579),Daily Transport,91.12539540915755,22.347579,114.128056,211626,3166,52.766666666666666,POINT (114.128056 22.347579),1/4/2023 5:16,1/4/2023 6:09,1/4/2023,3166,211626,22.347579,114.128056,35,40,35,100,0,POINT (114.128056 22.347579),POINT (114.127444 22.347822),Yuet Lai Court Lai Wah House,"['transit_station', 'point_of_interest', 'establishment']",3166,TRUE
115,POINT (114.1288 22.363422),Daily Transport,42.15793465726522,22.363422,114.1288,212266,6651,110.85,POINT (114.1288 22.363422),1/13/2023 14:04,1/13/2023 15:55,1/13/2023,6651,212266,22.363422,114.1288,27.35407575,27.354075749522693,27.35407575,27.35407575,0,POINT (114.1288 22.363422),POINT (114.129235 22.36392),葵盛東邨盛豐樓,"['transit_station', 'point_of_interest', 'establishment']",6651,TRUE
116,POINT (114.1288 22.363422),Daily Transport,42.15793465726522,22.363422,114.1288,212266,6651,110.85,POINT (114.1288 22.363422),1/13/2023 14:04,1/13/2023 15:55,1/13/2023,6651,212266,22.363422,114.1288,27.35407575,27.354075749522693,27.35407575,27.35407575,0,POINT (114.1288 22.363422),POINT (114.1298585 22.3634365),馮鎰社會服務大樓,"['transit_station', 'point_of_interest', 'establishment']",6651,TRUE
117,POINT (114.1288 22.363422),Daily Transport,42.15793465726522,22.363422,114.1288,212266,6651,110.85,POINT (114.1288 22.363422),1/13/2023 14:04,1/13/2023 15:55,1/13/2023,6651,212266,22.363422,114.1288,27.35407575,27.354075749522693,27.35407575,27.35407575,0,POINT (114.1288 22.363422),POINT (114.128221 22.3625735),葵盛東邨盛樂樓,"['transit_station', 'point_of_interest', 'establishment']",6651,TRUE
118,POINT (114.10954 22.343857),Daily Transport,48.63575130589011,22.343857,114.10954,212352,2323,38.71666666666667,POINT (114.10954 22.343857),1/23/2023 10:12,1/23/2023 10:50,1/23/2023,2323,212352,22.343857,114.10954,51,67.72727272727273,66,82,0,POINT (114.10954 22.343857),POINT (114.1092925 22.3444525),藍澄灣,"['transit_station', 'point_of_interest', 'establishment']",2323,TRUE
119,POINT (114.10954 22.343857),Daily Transport,48.63575130589011,22.343857,114.10954,212352,2323,38.71666666666667,POINT (114.10954 22.343857),1/23/2023 10:12,1/23/2023 10:50,1/23/2023,2323,212352,22.343857,114.10954,51,67.72727272727273,66,82,0,POINT (114.10954 22.343857),POINT (114.109376 22.344352),Rambler Crest,"['transit_station', 'point_of_interest', 'establishment']",2323,TRUE
120,POINT (114.213342 22.399203),Daily Transport,74.31370704587476,22.399203,114.213342,321794,4655,77.58333333333333,POINT (114.213342 22.399203),1/5/2023 5:59,1/5/2023 7:16,1/5/2023,4655,321794,22.399203,114.213342,35,35,35,35,0,POINT (114.213342 22.399203),POINT (114.212597 22.399234),沙田醫院,"['transit_station', 'point_of_interest', 'establishment']",4655,TRUE
121,POINT (114.213342 22.399203),Daily Transport,74.31370704587476,22.399203,114.213342,321794,4655,77.58333333333333,POINT (114.213342 22.399203),1/5/2023 5:59,1/5/2023 7:16,1/5/2023,4655,321794,22.399203,114.213342,35,35,35,35,0,POINT (114.213342 22.399203),POINT (114.21294 22.39976),Shatin Hospital; A Kung Kok Street,"['transit_station', 'point_of_interest', 'establishment']",4655,TRUE
122,POINT (114.213342 22.399203),Daily Transport,74.31370704587476,22.399203,114.213342,321794,4655,77.58333333333333,POINT (114.213342 22.399203),1/5/2023 5:59,1/5/2023 7:16,1/5/2023,4655,321794,22.399203,114.213342,35,35,35,35,0,POINT (114.213342 22.399203),POINT (114.213014 22.399852),Sha Tin Hospital,"['transit_station', 'point_of_interest', 'establishment']",4655,TRUE
123,POINT (114.213342 22.399203),Daily Transport,74.31370704587476,22.399203,114.213342,321794,4655,77.58333333333333,POINT (114.213342 22.399203),1/5/2023 5:59,1/5/2023 7:16,1/5/2023,4655,321794,22.399203,114.213342,35,35,35,35,0,POINT (114.213342 22.399203),POINT (114.212379 22.399143),Sha Tin Hospital,"['transit_station', 'point_of_interest', 'establishment']",4655,TRUE
124,POINT (114.213342 22.399203),Daily Transport,74.31370704587476,22.399203,114.213342,321794,4655,77.58333333333333,POINT (114.213342 22.399203),1/5/2023 5:59,1/5/2023 7:16,1/5/2023,4655,321794,22.399203,114.213342,35,35,35,35,0,POINT (114.213342 22.399203),POINT (114.212418 22.398869),Sha Tin Hospital,"['transit_station', 'point_of_interest', 'establishment']",4655,TRUE
125,POINT (114.213342 22.399203),Daily Transport,74.31370704587476,22.399203,114.213342,321794,4655,77.58333333333333,POINT (114.213342 22.399203),1/5/2023 5:59,1/5/2023 7:16,1/5/2023,4655,321794,22.399203,114.213342,35,35,35,35,0,POINT (114.213342 22.399203),POINT (114.21216 22.39861),Shatin Hospital; A Kung Kok Street,"['transit_station', 'point_of_interest', 'establishment']",4655,TRUE
126,POINT (114.2865745 22.302880000000002),Daily Transport,100,22.302880000000002,114.2865745,322936,15492.000000000002,258.20000000000005,POINT (114.2865745 22.302880000000002),1/22/2023 9:40,1/22/2023 13:59,1/22/2023,15492.000000000002,322936,22.302880000000002,114.2865745,20,30,30,40,0,POINT (114.2865745 22.302880000000002),POINT (114.286337 22.301929),Leung Fai Tin,"['transit_station', 'point_of_interest', 'establishment']",15492.000000000002,TRUE
127,POINT (114.2865745 22.302880000000002),Daily Transport,100,22.302880000000002,114.2865745,322936,15492.000000000002,258.20000000000005,POINT (114.2865745 22.302880000000002),1/22/2023 9:40,1/22/2023 13:59,1/22/2023,15492.000000000002,322936,22.302880000000002,114.2865745,20,30,30,40,0,POINT (114.2865745 22.302880000000002),POINT (114.2861435 22.3017505),兩塊田,"['transit_station', 'point_of_interest', 'establishment']",15492.000000000002,TRUE
128,POINT (114.2865745 22.302880000000002),Daily Transport,100,22.302880000000002,114.2865745,322936,15492.000000000002,258.20000000000005,POINT (114.2865745 22.302880000000002),1/22/2023 9:40,1/22/2023 13:59,1/22/2023,15492.000000000002,322936,22.302880000000002,114.2865745,20,30,30,40,0,POINT (114.2865745 22.302880000000002),POINT (114.286174 22.301775),Leung Fai Tin,"['transit_station', 'point_of_interest', 'establishment']",15492.000000000002,TRUE
129,POINT (114.2865745 22.302880000000002),Daily Transport,100,22.302880000000002,114.2865745,322936,15492.000000000002,258.20000000000005,POINT (114.2865745 22.302880000000002),1/22/2023 9:40,1/22/2023 13:59,1/22/2023,15492.000000000002,322936,22.302880000000002,114.2865745,20,30,30,40,0,POINT (114.2865745 22.302880000000002),POINT (114.285831 22.301936),Leung Fai Tin,"['transit_station', 'point_of_interest', 'establishment']",15492.000000000002,TRUE
130,POINT (114.2865745 22.302880000000002),Daily Transport,100,22.302880000000002,114.2865745,322936,15492.000000000002,258.20000000000005,POINT (114.2865745 22.302880000000002),1/22/2023 9:40,1/22/2023 13:59,1/22/2023,15492.000000000002,322936,22.302880000000002,114.2865745,20,30,30,40,0,POINT (114.2865745 22.302880000000002),POINT (114.28628 22.301739),Leung Fai Tin,"['transit_station', 'point_of_interest', 'establishment']",15492.000000000002,TRUE
131,POINT (114.1278077 22.3466844),Daily Transport,31.330001954309132,22.3466844,114.1278077,323248,32501.000000000004,541.6833333333334,POINT (114.1278077 22.3466844),5/2/2023 13:56,5/2/2023 22:58,5/2/2023,32501.000000000004,323248,22.3466844,114.1278077,13.32299995,14.521333326373185,14.41800022,16.84700012,0,POINT (114.1278077 22.3466844),POINT (114.127759 22.3470125),祖堯邨啟謙樓,"['transit_station', 'point_of_interest', 'establishment']",32501.000000000004,TRUE
132,POINT (114.27054050000001 22.3175765),Daily Transport,77.83884564335185,22.3175765,114.27054050000001,323781,3478,57.96666666666667,POINT (114.27054050000001 22.3175765),5/10/2023 15:33,5/10/2023 16:31,5/10/2023,3478,323781,22.3175765,114.27054050000001,35,35.666666666666664,35,39,0,POINT (114.27054050000001 22.3175765),POINT (114.270364 22.317629),將軍澳醫院,"['transit_station', 'point_of_interest', 'establishment']",3478,TRUE
133,POINT (114.27054050000001 22.3175765),Daily Transport,77.83884564335185,22.3175765,114.27054050000001,323781,3478,57.96666666666667,POINT (114.27054050000001 22.3175765),5/10/2023 15:33,5/10/2023 16:31,5/10/2023,3478,323781,22.3175765,114.27054050000001,35,35.666666666666664,35,39,0,POINT (114.27054050000001 22.3175765),POINT (114.270821 22.317443),Tseung Kwan O Hospital; Hang Hau Road,"['transit_station', 'point_of_interest', 'establishment']",3478,TRUE
134,POINT (114.27054050000001 22.3175765),Daily Transport,77.83884564335185,22.3175765,114.27054050000001,323781,3478,57.96666666666667,POINT (114.27054050000001 22.3175765),5/10/2023 15:33,5/10/2023 16:31,5/10/2023,3478,323781,22.3175765,114.27054050000001,35,35.666666666666664,35,39,0,POINT (114.27054050000001 22.3175765),POINT (114.270812 22.317247),Tseung Kwan O Hospital,"['transit_station', 'point_of_interest', 'establishment']",3478,TRUE
135,POINT (114.2599535 22.324559999999998),Daily Transport,52.071620681005506,22.324559999999998,114.2599535,323781,7064,117.73333333333333,POINT (114.2599535 22.324559999999998),6/7/2023 3:57,6/7/2023 5:55,6/7/2023,7064,323781,22.324559999999998,114.2599535,40,40,40,40,0,POINT (114.2599535 22.324559999999998),POINT (114.2594198 22.3248292),Tseung Kwan O Jockey Club Clinic,"['transit_station', 'point_of_interest', 'establishment']",7064,TRUE
136,POINT (114.2599535 22.324559999999998),Daily Transport,52.071620681005506,22.324559999999998,114.2599535,323781,7064,117.73333333333333,POINT (114.2599535 22.324559999999998),6/7/2023 3:57,6/7/2023 5:55,6/7/2023,7064,323781,22.324559999999998,114.2599535,40,40,40,40,0,POINT (114.2599535 22.324559999999998),POINT (114.259571 22.324083),Yan Ming Court,"['transit_station', 'point_of_interest', 'establishment']",7064,TRUE
137,POINT (114.2599535 22.324559999999998),Daily Transport,52.071620681005506,22.324559999999998,114.2599535,323781,7064,117.73333333333333,POINT (114.2599535 22.324559999999998),6/7/2023 3:57,6/7/2023 5:55,6/7/2023,7064,323781,22.324559999999998,114.2599535,40,40,40,40,0,POINT (114.2599535 22.324559999999998),POINT (114.25932 22.32487),Tseung Kwan O Jockey Club Clinic; Po Lam Road North,"['transit_station', 'point_of_interest', 'establishment']",7064,TRUE
138,POINT (114.2599535 22.324559999999998),Daily Transport,52.071620681005506,22.324559999999998,114.2599535,323781,7064,117.73333333333333,POINT (114.2599535 22.324559999999998),6/7/2023 3:57,6/7/2023 5:55,6/7/2023,7064,323781,22.324559999999998,114.2599535,40,40,40,40,0,POINT (114.2599535 22.324559999999998),POINT (114.259091 22.324837),Yan Ming Court,"['transit_station', 'point_of_interest', 'establishment']",7064,TRUE
139,POINT (114.15855 22.3406935),Daily Transport,91.82750454793236,22.3406935,114.15855,323781,5071,84.51666666666667,POINT (114.15855 22.3406935),6/16/2023 10:59,6/16/2023 12:23,6/16/2023,5071,323781,22.3406935,114.15855,38,38,38,38,0,POINT (114.15855 22.3406935),POINT (114.158628 22.340731),Cheung Sha Wan Jockey Club Clinic; Kwong Lee Road,"['transit_station', 'point_of_interest', 'establishment']",5071,TRUE
140,POINT (114.15855 22.3406935),Daily Transport,91.82750454793236,22.3406935,114.15855,323781,5071,84.51666666666667,POINT (114.15855 22.3406935),6/16/2023 10:59,6/16/2023 12:23,6/16/2023,5071,323781,22.3406935,114.15855,38,38,38,38,0,POINT (114.15855 22.3406935),POINT (114.158696 22.340876),So Uk Estate Bus Terminus,"['transit_station', 'point_of_interest', 'establishment']",5071,TRUE
141,POINT (114.2358222 22.4213833),Daily Transport,69.03624245643142,22.4213833,114.2358222,332653,9318,155.3,POINT (114.2358222 22.4213833),5/21/2023 9:57,5/21/2023 12:33,5/21/2023,9318,332653,22.4213833,114.2358222,6.699999809,25.507927995791537,16.43549919,248.7799988,0,POINT (114.2358222 22.4213833),POINT (114.235901 22.421619),马鞍山,"['transit_station', 'point_of_interest', 'establishment']",9318,TRUE
142,POINT (114.2641949 22.3190664),Daily Transport,98.94566652189616,22.3190664,114.2641949,333424,2340,39,POINT (114.2641949 22.3190664),3/19/2023 8:25,3/19/2023 9:04,3/19/2023,2340,333424,22.3190664,114.2641949,8.576000214,15.87001455002937,16.01600075,24.84700012,0,POINT (114.2641949 22.3190664),POINT (114.264277 22.31927),厚德邨德富樓,"['transit_station', 'point_of_interest', 'establishment']",2340,TRUE
143,POINT (114.2641949 22.3190664),Daily Transport,98.94566652189616,22.3190664,114.2641949,333424,2340,39,POINT (114.2641949 22.3190664),3/19/2023 8:25,3/19/2023 9:04,3/19/2023,2340,333424,22.3190664,114.2641949,8.576000214,15.87001455002937,16.01600075,24.84700012,0,POINT (114.2641949 22.3190664),POINT (114.264333 22.319116),Hau Tak Estate Tak Fu House,"['transit_station', 'point_of_interest', 'establishment']",2340,TRUE
144,POINT (114.2641949 22.3190664),Daily Transport,98.94566652189616,22.3190664,114.2641949,333424,2340,39,POINT (114.2641949 22.3190664),3/19/2023 8:25,3/19/2023 9:04,3/19/2023,2340,333424,22.3190664,114.2641949,8.576000214,15.87001455002937,16.01600075,24.84700012,0,POINT (114.2641949 22.3190664),POINT (114.26406 22.3192),Hau Tak Estate; Po Ning Road,"['transit_station', 'point_of_interest', 'establishment']",2340,TRUE
145,POINT (114.2641949 22.3190664),Daily Transport,98.94566652189616,22.3190664,114.2641949,333424,2340,39,POINT (114.2641949 22.3190664),3/19/2023 8:25,3/19/2023 9:04,3/19/2023,2340,333424,22.3190664,114.2641949,8.576000214,15.87001455002937,16.01600075,24.84700012,0,POINT (114.2641949 22.3190664),POINT (114.26396 22.319172),Hau Tak Estate,"['transit_station', 'point_of_interest', 'establishment']",2340,TRUE
146,POINT (114.2641949 22.3190664),Daily Transport,98.94566652189616,22.3190664,114.2641949,333424,2340,39,POINT (114.2641949 22.3190664),3/19/2023 8:25,3/19/2023 9:04,3/19/2023,2340,333424,22.3190664,114.2641949,8.576000214,15.87001455002937,16.01600075,24.84700012,0,POINT (114.2641949 22.3190664),POINT (114.26421 22.31936),Hau Tak Estate; Po Ning Road,"['transit_station', 'point_of_interest', 'establishment']",2340,TRUE
147,POINT (114.2641949 22.3190664),Daily Transport,98.94566652189616,22.3190664,114.2641949,333424,2340,39,POINT (114.2641949 22.3190664),3/19/2023 8:25,3/19/2023 9:04,3/19/2023,2340,333424,22.3190664,114.2641949,8.576000214,15.87001455002937,16.01600075,24.84700012,0,POINT (114.2641949 22.3190664),POINT (114.264164 22.319398),Hau Tak Estate,"['transit_station', 'point_of_interest', 'establishment']",2340,TRUE
148,POINT (114.2641949 22.3190664),Daily Transport,98.94566652189616,22.3190664,114.2641949,333424,2340,39,POINT (114.2641949 22.3190664),3/19/2023 8:25,3/19/2023 9:04,3/19/2023,2340,333424,22.3190664,114.2641949,8.576000214,15.87001455002937,16.01600075,24.84700012,0,POINT (114.2641949 22.3190664),POINT (114.264221 22.319424),Hau Tak Estate Tak Fu House,"['transit_station', 'point_of_interest', 'establishment']",2340,TRUE
149,POINT (114.012085 22.295804),Daily Transport,78.47593042034191,22.295804,114.012085,333445,4023.0000000000005,67.05000000000001,POINT (114.012085 22.295804),1/10/2023 11:25,1/10/2023 12:32,1/10/2023,4023.0000000000005,333445,22.295804,114.012085,35,37.77862234472139,35.01209698,42.54831647,0,POINT (114.012085 22.295804),POINT (114.012008 22.295537),Woodgreen Court,"['transit_station', 'point_of_interest', 'establishment']",4023.0000000000005,TRUE
150,POINT (114.012085 22.295804),Daily Transport,78.47593042034191,22.295804,114.012085,333445,4023.0000000000005,67.05000000000001,POINT (114.012085 22.295804),1/10/2023 11:25,1/10/2023 12:32,1/10/2023,4023.0000000000005,333445,22.295804,114.012085,35,37.77862234472139,35.01209698,42.54831647,0,POINT (114.012085 22.295804),POINT (114.013278 22.2955665),寶峰徑11號,"['transit_station', 'point_of_interest', 'establishment']",4023.0000000000005,TRUE
151,POINT (114.012085 22.295804),Daily Transport,78.47593042034191,22.295804,114.012085,333445,4023.0000000000005,67.05000000000001,POINT (114.012085 22.295804),1/10/2023 11:25,1/10/2023 12:32,1/10/2023,4023.0000000000005,333445,22.295804,114.012085,35,37.77862234472139,35.01209698,42.54831647,0,POINT (114.012085 22.295804),POINT (114.01318 22.295583),No.11; Parkvale Drive (Opposite),"['transit_station', 'point_of_interest', 'establishment']",4023.0000000000005,TRUE
152,POINT (114.012085 22.295804),Daily Transport,78.47593042034191,22.295804,114.012085,333445,4023.0000000000005,67.05000000000001,POINT (114.012085 22.295804),1/10/2023 11:25,1/10/2023 12:32,1/10/2023,4023.0000000000005,333445,22.295804,114.012085,35,37.77862234472139,35.01209698,42.54831647,0,POINT (114.012085 22.295804),POINT (114.013376 22.29555),Parkvale Drive Door No. 11,"['transit_station', 'point_of_interest', 'establishment']",4023.0000000000005,TRUE
153,POINT (114.012085 22.295804),Daily Transport,78.47593042034191,22.295804,114.012085,333445,4023.0000000000005,67.05000000000001,POINT (114.012085 22.295804),1/10/2023 11:25,1/10/2023 12:32,1/10/2023,4023.0000000000005,333445,22.295804,114.012085,35,37.77862234472139,35.01209698,42.54831647,0,POINT (114.012085 22.295804),POINT (114.012179 22.297165),Middle Lane Door No. 9,"['transit_station', 'point_of_interest', 'establishment']",4023.0000000000005,TRUE
154,POINT (114.012085 22.295804),Daily Transport,78.47593042034191,22.295804,114.012085,333445,4023.0000000000005,67.05000000000001,POINT (114.012085 22.295804),1/10/2023 11:25,1/10/2023 12:32,1/10/2023,4023.0000000000005,333445,22.295804,114.012085,35,37.77862234472139,35.01209698,42.54831647,0,POINT (114.012085 22.295804),POINT (114.013026 22.294642),No.1; Parkvale Drive (Opposite),"['transit_station', 'point_of_interest', 'establishment']",4023.0000000000005,TRUE
155,POINT (114.150345 22.49794),Daily Transport,53.494741874562315,22.49794,114.150345,333484,5389,89.81666666666666,POINT (114.150345 22.49794),7/30/2023 5:43,7/30/2023 7:13,7/30/2023,5389,333484,22.49794,114.150345,2000,2000,2000,2000,0,POINT (114.150345 22.49794),POINT (114.151294 22.497849),Lo Wai,"['transit_station', 'point_of_interest', 'establishment']",5389,TRUE
156,POINT (114.150345 22.49794),Daily Transport,53.494741874562315,22.49794,114.150345,333484,5389,89.81666666666666,POINT (114.150345 22.49794),7/30/2023 5:43,7/30/2023 7:13,7/30/2023,5389,333484,22.49794,114.150345,2000,2000,2000,2000,0,POINT (114.150345 22.49794),POINT (114.149892 22.499174),Ma Wat Wai,"['transit_station', 'point_of_interest', 'establishment']",5389,TRUE
157,POINT (114.1487275 22.499060999999998),Daily Transport,33.75938459562144,22.499060999999998,114.1487275,333484,11846,197.43333333333334,POINT (114.1487275 22.499060999999998),4/15/2023 13:39,4/15/2023 16:57,4/15/2023,11846,333484,22.499060999999998,114.1487275,1414,1414,1414,1414,0,POINT (114.1487275 22.499060999999998),POINT (114.149892 22.499174),Ma Wat Wai,"['transit_station', 'point_of_interest', 'establishment']",11846,TRUE
158,POINT (114.149563 22.499821),Daily Transport,68.83414372936421,22.499821,114.149563,333484,2601,43.35,POINT (114.149563 22.499821),4/13/2023 11:28,4/13/2023 12:11,4/13/2023,2601,333484,22.499821,114.149563,16.72112053,21.20319745329727,21.275312643489748,25.73853511,0,POINT (114.149563 22.499821),POINT (114.149892 22.499174),Ma Wat Wai,"['transit_station', 'point_of_interest', 'establishment']",2601,TRUE
159,POINT (114.22074925000001 22.31785355),Daily Transport,98.05296138082032,22.31785355,114.22074925000001,333789,36004,600.0666666666667,POINT (114.22074925000001 22.31785355),4/26/2023 13:00,4/26/2023 23:01,4/26/2023,36004,333789,22.31785355,114.22074925000001,5.360000134,18.20712774357897,17.122499465942397,29.47299957,0,POINT (114.22074925000001 22.31785355),POINT (114.2215005 22.3177745),樂意園,"['transit_station', 'point_of_interest', 'establishment']",36004,TRUE
160,POINT (114.22074925000001 22.31785355),Daily Transport,98.05296138082032,22.31785355,114.22074925000001,333789,36004,600.0666666666667,POINT (114.22074925000001 22.31785355),4/26/2023 13:00,4/26/2023 23:01,4/26/2023,36004,333789,22.31785355,114.22074925000001,5.360000134,18.20712774357897,17.122499465942397,29.47299957,0,POINT (114.22074925000001 22.31785355),POINT (114.220616 22.316808),凱德大廈,"['transit_station', 'point_of_interest', 'establishment']",36004,TRUE
161,POINT (114.22074925000001 22.31785355),Daily Transport,98.05296138082032,22.31785355,114.22074925000001,333789,36004,600.0666666666667,POINT (114.22074925000001 22.31785355),4/26/2023 13:00,4/26/2023 23:01,4/26/2023,36004,333789,22.31785355,114.22074925000001,5.360000134,18.20712774357897,17.122499465942397,29.47299957,0,POINT (114.22074925000001 22.31785355),POINT (114.2217525 22.3183775),觀塘廣蔭老人院,"['transit_station', 'point_of_interest', 'establishment']",36004,TRUE
162,POINT (114.22074925000001 22.31785355),Daily Transport,98.05296138082032,22.31785355,114.22074925000001,333789,36004,600.0666666666667,POINT (114.22074925000001 22.31785355),4/26/2023 13:00,4/26/2023 23:01,4/26/2023,36004,333789,22.31785355,114.22074925000001,5.360000134,18.20712774357897,17.122499465942397,29.47299957,0,POINT (114.22074925000001 22.31785355),POINT (114.220721 22.317943),Hong Lee Court Block 1,"['transit_station', 'point_of_interest', 'establishment']",36004,TRUE
163,POINT (114.22074925000001 22.31785355),Daily Transport,98.05296138082032,22.31785355,114.22074925000001,333789,36004,600.0666666666667,POINT (114.22074925000001 22.31785355),4/26/2023 13:00,4/26/2023 23:01,4/26/2023,36004,333789,22.31785355,114.22074925000001,5.360000134,18.20712774357897,17.122499465942397,29.47299957,0,POINT (114.22074925000001 22.31785355),POINT (114.221415 22.317812),Joyful Villas,"['transit_station', 'point_of_interest', 'establishment']",36004,TRUE
